component,value,proportion
Comp.1,30.657534162093107,0.6967621400475696
Comp.2,7.961365815195337,0.1809401321635301
Comp.3,2.8240424532326083,0.06418278302801374
Comp.4,0.9991771025508142,0.02270857051251847
Comp.5,0.7800782953470787,0.017729052166979037
Comp.6,0.3454801940113288,0.007851822591166553
Comp.7,0.1085532143315725,0.002467118507535735
Comp.8,0.06884310760724127,0.001564616081982754
Comp.9,0.05729462912389395,0.0013021506619066787
Comp.10,0.04243501472059666,9.644321527408318e-4
