component,value,proportion
Comp.1,32.80425014838856,0.9112291707885722
Comp.2,2.4275244015019544,0.06743123337505437
Comp.3,0.5315660801390641,0.014765724448307356
