component,value,proportion
Comp.1,16.58571483242359,0.44826256303847567
Comp.2,13.32550326812583,0.360148736976374
Comp.3,3.028014003795891,0.08183821631880792
Comp.4,2.0619682780355544,0.055728872379339336
Comp.5,0.6935684531627339,0.018745093328722547
Comp.6,0.4562347151823398,0.012330667977901083
Comp.7,0.2553831451404293,0.006902247165957553
Comp.8,0.12449576906681074,0.003364750515319211
Comp.9,0.051926705982152585,0.0014034244860041247
Comp.10,0.04028544055540403,0.0010887956906865958
