component,value,proportion
Comp.1,25.718956231984194,0.559107744173569
Comp.2,9.451314765078639,0.20546336445823113
Comp.3,5.433239382147093,0.11811389961189324
Comp.4,2.2179875019615958,0.048217119607860744
Comp.5,0.7506598070777304,0.016318691458211517
Comp.6,0.5047076435674603,0.010971905294944781
Comp.7,0.27194105791696316,0.00591176212862963
Comp.8,0.19574266467057952,0.004255275318925639
Comp.9,0.13229285338615326,0.0028759315953511555
Comp.10,0.07444104873745579,0.0016182836682055593
